{
  "generated_at": "2026-03-29",
  "source_dir": "/Users/baegjunhyeon/\u1110\u1169\u110e\u1175 \u1105\u1161\u110b\u1175\u1107\u1173\u1105\u1165\u1105\u1175 \u1106\u1161\u11ab\u1103\u1173\u11af\u1100\u1175 \u1106\u1175\u11be \u110f\u116e\u1103\u1161 \u1105\u1161\u110b\u1175\u1107\u1173\u1105\u1165\u1105\u1175 \u1106\u1161\u11ab\u1103\u1173\u11af\u1100\u1175/benchmark_results",
  "overall": {
    "count": 27,
    "torch_mps_vs_lc": {
      "speedup_ratio": {
        "count": 27,
        "avg": 6.493236081099374,
        "median": 0.9730773467705582,
        "max": 138.59546479473008,
        "min": 0.24873969837677057
      },
      "gap_ms": {
        "count": 27,
        "avg": -0.8331546061275237,
        "median": -0.025617192477511708,
        "max": 1.2300447444431484,
        "min": -10.370101532316767
      },
      "abs_gap_ms": {
        "count": 27,
        "avg": 1.087892476912483,
        "median": 0.30646351515315473,
        "max": 10.370101532316767,
        "min": 0.007352066071083296
      },
      "max_abs_gap_case": {
        "suite": "ai",
        "bench": "embedding_ffn_block_inference",
        "shape": "batch=256,seq=128,vocab=8192,d_model=256",
        "lc_ms": 22.87785935550346,
        "other_ms": 12.507757823186694,
        "abs_gap_ms": 10.370101532316767,
        "ratio": 0.5467188878481258
      }
    },
    "exia_vs_lc": {
      "speedup_ratio": {
        "count": 27,
        "avg": 2.395183990199133,
        "median": 2.190233407790545,
        "max": 8.846195076403067,
        "min": 0.0585470874002344
      },
      "gap_ms": {
        "count": 27,
        "avg": 5.854374068576026,
        "median": 2.326913333187501,
        "max": 29.721327079460025,
        "min": -0.6530868801443527
      },
      "abs_gap_ms": {
        "count": 27,
        "avg": 5.97248663266294,
        "median": 2.326913333187501,
        "max": 29.721327079460025,
        "min": 0.000718806404620409
      },
      "max_abs_gap_case": {
        "suite": "ai",
        "bench": "transformer_ffn_block_inference",
        "shape": "batch=1024,d_model=768,d_ff=3072",
        "lc_ms": 4.704399181064218,
        "other_ms": 34.42572626052424,
        "abs_gap_ms": 29.721327079460025,
        "ratio": 7.317773202387246
      }
    }
  },
  "by_suite": {
    "ml": {
      "count": 10,
      "torch_mps_vs_lc": {
        "speedup_ratio": {
          "count": 10,
          "avg": 16.1713540892743,
          "median": 0.9869155428432844,
          "max": 138.59546479473008,
          "min": 0.437950400190392
        },
        "gap_ms": {
          "count": 10,
          "avg": 0.13175518878900525,
          "median": -0.008898762189346598,
          "max": 1.2300447444431484,
          "min": -0.4888299930219849
        },
        "abs_gap_ms": {
          "count": 10,
          "avg": 0.28657397326848394,
          "median": 0.2118147259655719,
          "max": 1.2300447444431484,
          "min": 0.00861164244270185
        },
        "max_abs_gap_case": {
          "suite": "ml",
          "bench": "feature_scaling_vector_add",
          "shape": "n=65536",
          "lc_ms": 0.008939573308452964,
          "other_ms": 1.2389843177516013,
          "abs_gap_ms": 1.2300447444431484,
          "ratio": 138.59546479473008
        }
      },
      "exia_vs_lc": {
        "speedup_ratio": {
          "count": 10,
          "avg": 1.3131666746565527,
          "median": 0.9921636792928372,
          "max": 2.965418624071668,
          "min": 0.0585470874002344
        },
        "gap_ms": {
          "count": 10,
          "avg": 0.3120129957763614,
          "median": -0.0008447619620710611,
          "max": 2.991987910718308,
          "min": -0.6530868801443527
        },
        "abs_gap_ms": {
          "count": 10,
          "avg": 0.5852627372648082,
          "median": 0.34534293808974326,
          "max": 2.991987910718308,
          "min": 0.000718806404620409
        },
        "max_abs_gap_case": {
          "suite": "ml",
          "bench": "linear_classifier_inference",
          "shape": "batch=4096,in=1024,out=1024",
          "lc_ms": 2.3281241938093444,
          "other_ms": 5.320112104527652,
          "abs_gap_ms": 2.991987910718308,
          "ratio": 2.2851496147302734
        }
      }
    },
    "dl": {
      "count": 5,
      "torch_mps_vs_lc": {
        "speedup_ratio": {
          "count": 5,
          "avg": 1.206952283622759,
          "median": 1.037111813803221,
          "max": 1.8826928481050813,
          "min": 1.0131481462368224
        },
        "gap_ms": {
          "count": 5,
          "avg": 0.25043017735394313,
          "median": 0.18694749645267805,
          "max": 0.5332096091782053,
          "min": 0.15795009482341515
        },
        "abs_gap_ms": {
          "count": 5,
          "avg": 0.25043017735394313,
          "median": 0.18694749645267805,
          "max": 0.5332096091782053,
          "min": 0.15795009482341515
        },
        "max_abs_gap_case": {
          "suite": "dl",
          "bench": "large_gemm_best_policy",
          "shape": "m=1024,k=1024,n=1024",
          "lc_ms": 0.6040715185614924,
          "other_ms": 1.1372811277396977,
          "abs_gap_ms": 0.5332096091782053,
          "ratio": 1.8826928481050813
        }
      },
      "exia_vs_lc": {
        "speedup_ratio": {
          "count": 5,
          "avg": 2.1680339508844066,
          "median": 2.185179367659889,
          "max": 2.288870414577115,
          "min": 2.070170025736914
        },
        "gap_ms": {
          "count": 5,
          "avg": 7.504769136818746,
          "median": 4.8945649119559675,
          "max": 18.416396441170946,
          "min": 0.6477357286106173
        },
        "abs_gap_ms": {
          "count": 5,
          "avg": 7.504769136818746,
          "median": 4.8945649119559675,
          "max": 18.416396441170946,
          "min": 0.6477357286106173
        },
        "max_abs_gap_case": {
          "suite": "dl",
          "bench": "large_gemm_best_policy",
          "shape": "m=3072,k=3072,n=3072",
          "lc_ms": 15.538910770555958,
          "other_ms": 33.955307211726904,
          "abs_gap_ms": 18.416396441170946,
          "ratio": 2.185179367659889
        }
      }
    },
    "ai": {
      "count": 12,
      "torch_mps_vs_lc": {
        "speedup_ratio": {
          "count": 12,
          "avg": 0.6307559899021931,
          "median": 0.5806217130891296,
          "max": 1.0185752207959378,
          "min": 0.24873969837677057
        },
        "gap_ms": {
          "count": 12,
          "avg": -2.0887397616752423,
          "median": -0.7574159481252233,
          "max": 0.08781249246870537,
          "min": -10.370101532316767
        },
        "abs_gap_ms": {
          "count": 12,
          "avg": 2.1046005214318737,
          "median": 0.7574159481252233,
          "max": 10.370101532316767,
          "min": 0.007352066071083296
        },
        "max_abs_gap_case": {
          "suite": "ai",
          "bench": "embedding_ffn_block_inference",
          "shape": "batch=256,seq=128,vocab=8192,d_model=256",
          "lc_ms": 22.87785935550346,
          "other_ms": 12.507757823186694,
          "abs_gap_ms": 10.370101532316767,
          "ratio": 0.5467188878481258
        }
      },
      "exia_vs_lc": {
        "speedup_ratio": {
          "count": 12,
          "avg": 3.3915109361990865,
          "median": 2.8057927781346903,
          "max": 8.846195076403067,
          "min": 0.7882411472012528
        },
        "gap_ms": {
          "count": 12,
          "avg": 9.785343684141278,
          "median": 6.4305062452331185,
          "max": 29.721327079460025,
          "min": -0.2282709077311058
        },
        "abs_gap_ms": {
          "count": 12,
          "avg": 9.823388835429796,
          "median": 6.4305062452331185,
          "max": 29.721327079460025,
          "min": 0.2282709077311058
        },
        "max_abs_gap_case": {
          "suite": "ai",