{
  "generated_at": "2026-03-29",
  "source_dir": "/Users/baegjunhyeon/\u1110\u1169\u110e\u1175 \u1105\u1161\u110b\u1175\u1107\u1173\u1105\u1165\u1105\u1175 \u1106\u1161\u11ab\u1103\u1173\u11af\u1100\u1175 \u1106\u1175\u11be \u110f\u116e\u1103\u1161 \u1105\u1161\u110b\u1175\u1107\u1173\u1105\u1165\u1105\u1175 \u1106\u1161\u11ab\u1103\u1173\u11af\u1100\u1175/benchmark_results",
  "overall": {
    "count": 32,
    "torch_mps_vs_lc": {
      "speedup_ratio": {
        "count": 32,
        "avg": 2.319922109566462,
        "median": 0.9876797809898388,
        "max": 39.204849549538515,
        "min": 0.036788988972469044
      },
      "gap_ms": {
        "count": 32,
        "avg": -0.906406353018383,
        "median": -0.009502441571385134,
        "max": 1.3533112379567076,
        "min": -9.688622383691836
      },
      "abs_gap_ms": {
        "count": 32,
        "avg": 1.1041185567292664,
        "median": 0.20810666125422966,
        "max": 9.688622383691836,
        "min": 0.0011926963149262448
      },
      "max_abs_gap_case": {
        "suite": "ai",
        "bench": "embedding_ffn_block_inference",
        "shape": "batch=256,seq=128,vocab=8192,d_model=256",
        "lc_ms": 22.238708988879807,
        "other_ms": 12.550086605187971,
        "abs_gap_ms": 9.688622383691836,
        "ratio": 0.5643352143986186
      }
    },
    "exia_vs_lc": {
      "speedup_ratio": {
        "count": 32,
        "avg": 2.010599181628253,
        "median": 1.3648408367693965,
        "max": 8.710695473578403,
        "min": 0.11186656690642069
      },
      "gap_ms": {
        "count": 32,
        "avg": 3.903137316151136,
        "median": 0.8296774949485552,
        "max": 33.24054045137018,
        "min": -0.6561130285263062
      },
      "abs_gap_ms": {
        "count": 32,
        "avg": 3.9785700260059307,
        "median": 0.8296774949485552,
        "max": 33.24054045137018,
        "min": 0.0006301328539848328
      },
      "max_abs_gap_case": {
        "suite": "ai",
        "bench": "transformer_ffn_block_inference",
        "shape": "batch=1024,d_model=768,d_ff=3072",
        "lc_ms": 4.620083321351558,
        "other_ms": 37.86062377272174,
        "abs_gap_ms": 33.24054045137018,
        "ratio": 8.194792418082624
      }
    }
  },
  "by_suite": {
    "ml": {
      "count": 10,
      "torch_mps_vs_lc": {
        "speedup_ratio": {
          "count": 10,
          "avg": 5.5355559429581245,
          "median": 0.9908681170635381,
          "max": 39.204849549538515,
          "min": 0.43949293347007423
        },
        "gap_ms": {
          "count": 10,
          "avg": 0.02087378269910308,
          "median": -0.008334485755767673,
          "max": 0.3140000277198851,
          "min": -0.49051577419353026
        },
        "abs_gap_ms": {
          "count": 10,
          "avg": 0.16855102287687865,
          "median": 0.1622515934286639,
          "max": 0.49051577419353026,
          "min": 0.007646988706255797
        },
        "max_abs_gap_case": {
          "suite": "ml",
          "bench": "matrix_preprocessing_sub",
          "shape": "rows=2048,cols=1024",
          "lc_ms": 0.8751286174325893,
          "other_ms": 0.38461284323905903,
          "abs_gap_ms": 0.49051577419353026,
          "ratio": 0.43949293347007423
        }
      },
      "exia_vs_lc": {
        "speedup_ratio": {
          "count": 10,
          "avg": 0.9390084242239023,
          "median": 0.9746453994060067,
          "max": 1.8730915684947922,
          "min": 0.11186656690642069
        },
        "gap_ms": {
          "count": 10,
          "avg": 0.036102467802265885,
          "median": -0.001900506322272122,
          "max": 0.8820108287181938,
          "min": -0.6561130285263062
        },
        "abs_gap_ms": {
          "count": 10,
          "avg": 0.2774871393376088,
          "median": 0.24273362244760696,
          "max": 0.8820108287181938,
          "min": 0.0006301328539848328
        },
        "max_abs_gap_case": {
          "suite": "ml",
          "bench": "linear_classifier_inference",
          "shape": "batch=4096,in=1024,out=1024",
          "lc_ms": 2.3040231226332253,
          "other_ms": 3.186033951351419,
          "abs_gap_ms": 0.8820108287181938,
          "ratio": 1.3828133581012676
        }
      }
    },
    "dl": {
      "count": 5,
      "torch_mps_vs_lc": {
        "speedup_ratio": {
          "count": 5,
          "avg": 1.4825428689680384,
          "median": 1.0332812372705642,
          "max": 3.2518386766526435,
          "min": 1.0141481408199695
        },
        "gap_ms": {
          "count": 5,
          "avg": 0.4259371761387836,
          "median": 0.2187028352636844,
          "max": 1.3533112379567076,
          "min": 0.15153852097379605
        },
        "abs_gap_ms": {
          "count": 5,
          "avg": 0.4259371761387836,
          "median": 0.2187028352636844,
          "max": 1.3533112379567076,
          "min": 0.15153852097379605
        },
        "max_abs_gap_case": {
          "suite": "dl",
          "bench": "large_gemm_best_policy",
          "shape": "m=1024,k=1024,n=1024",
          "lc_ms": 0.600980546247835,
          "other_ms": 1.9542917842045426,
          "abs_gap_ms": 1.3533112379567076,
          "ratio": 3.2518386766526435
        }
      },
      "exia_vs_lc": {
        "speedup_ratio": {
          "count": 5,
          "avg": 1.492669111192549,
          "median": 1.2355378157619945,
          "max": 2.5141249755059043,
          "min": 1.172474437012176
        },
        "gap_ms": {
          "count": 5,
          "avg": 1.438682433605815,
          "median": 1.0724677073691655,
          "max": 2.66612050763797,
          "min": 0.6368042386990662
        },
        "abs_gap_ms": {
          "count": 5,
          "avg": 1.438682433605815,
          "median": 1.0724677073691655,
          "max": 2.66612050763797,
          "min": 0.6368042386990662
        },
        "max_abs_gap_case": {
          "suite": "dl",
          "bench": "large_gemm_best_policy",
          "shape": "m=3072,k=3072,n=3072",
          "lc_ms": 15.45806180802174,
          "other_ms": 18.12418231565971,
          "abs_gap_ms": 2.66612050763797,
          "ratio": 1.172474437012176
        }
      }
    },
    "ai": {
      "count": 17,
      "torch_mps_vs_lc": {
        "speedup_ratio": {
          "count": 17,
          "avg": 0.6746608077473736,
          "median": 0.6201780220347818,
          "max": 1.0485031540548064,
          "min": 0.036788988972469044
        },
        "gap_ms": {
          "count": 17,
          "avg": -1.843731000251365,
          "median": -0.5857707777371011,
          "max": 0.06437883518325815,
          "min": -9.688622383691836
        },
        "abs_gap_ms": {
          "count": 17,
          "avg": 1.8539175121102245,
          "median": 0.5857707777371011,
          "max": 9.688622383691836,
          "min": 0.0011926963149262448
        },
        "max_abs_gap_case": {
          "suite": "ai",
          "bench": "embedding_ffn_block_inference",
          "shape": "batch=256,seq=128,vocab=8192,d_model=256",
          "lc_ms": 22.238708988879807,
          "other_ms": 12.550086605187971,
          "abs_gap_ms": 9.688622383691836,
          "ratio": 0.5643352143986186
        }
      },
      "exia_vs_lc": {
        "speedup_ratio": {
          "count": 17,
          "avg": 2.7932790596413137,
          "median": 1.990798953065521,
          "max": 8.710695473578403,
          "min": 1.013579244829441
        },
        "gap_ms": {
          "count": 17,
          "avg": 6.902703368869683,
          "median": 2.3603714265239732,
          "max": 33.24054045137018,
          "min": 0.0844948081066832
        },
        "abs_gap_ms": {
          "count": 17,
          "avg": 6.902703368869683,
          "median": 2.3603714265239732,
          "max": 33.24054045137018,
          "min": 0.0844948081066832
        },