bench,shape,lightning_core_ms,torch_cpu_ms,torch_mps_ms,lc_vs_torch_mps_speedup
vector_add,n=4096,0.0008290691766887903,0.0007438007742166519,0.31486247510959703,379.77829107954847
vector_add,n=16384,0.0030354363843798637,0.0023729109670966864,0.1872721710242331,61.695304170406
vector_add,n=65536,0.008494901703670621,0.015972915571182966,0.19137849643205604,22.528629889779886
vector_add,n=262144,0.028363493038341403,0.023186486214399338,0.20578892047827443,7.2554152692015625
vector_add,n=1048576,0.11158967390656471,0.05217081634327769,0.2507992787286639,2.247513322233211
matmul,"m=256,k=256,n=256",0.5525812157429755,0.025195861235260963,0.4161165561527014,0.7530414431355761
matmul,"m=512,k=512,n=512",0.35082701360806823,0.17507917946204543,0.2571610811476906,0.7330139104823383
matmul,"m=1024,k=1024,n=1024",1.3727374840527773,1.238270930480212,0.7816943883274993,0.5694420072362836
